Questin,Slug,Collection ID,Item ID,Created On,Updated On,Published On,Unique ID,Answer,Category / categories,Product,Forum,Likes
An ‘access violation' error appears when I close nordicAktiva. Should I be worried?,an-access-violation-error-appears-when-i-close-nordicaktiva-should-i-be-worried,63fdd72506354fc9c34bbb9b,6479ed85f2e806e8d0bea061,Fri Jun 02 2023 13:24:21 GMT+0000 (Coordinated Universal Time),Wed Jun 21 2023 11:39:27 GMT+0000 (Coordinated Universal Time),Thu Jun 22 2023 11:14:04 GMT+0000 (Coordinated Universal Time),,<p>No. This is a known issue but does not affect the performance of the software. This will be solved in the next version of nordicAktiva.</p>,nordicaktiva,,true,
Can I add my own video or audio files to nordicComfortPlayer’s library for streaming?,can-i-add-my-own-video-or-audio-files-to-nordiccomfortplayers-library-for-streaming,63fdd72506354fc9c34bbb9b,649040d67adbf4f6d418ad9c,Mon Jun 19 2023 11:49:42 GMT+0000 (Coordinated Universal Time),Wed Jun 21 2023 11:37:10 GMT+0000 (Coordinated Universal Time),Thu Jun 22 2023 11:14:04 GMT+0000 (Coordinated Universal Time),,"<p>Yes! Open the C Drive on the nordicComfortPlayer’s PC and there you will find two folders: ‘movies’ and ‘music’. Copy your desired video or audio files into these folders accordingly. For videos, you can choose if you want to add the new files to the ‘general’ or ‘children’ folder. After adding the files, start nordicComfortPlayer and you should be able to see and play the newly added videos or audio files in the media library.</p>",nordiccomfortsolution,,true,
Can I connect my laptop or existing control room PC to the NNL LCD monitor?,can-i-connect-my-laptop-or-existing-control-room-pc-to-the-nnl-lcd-monitor,63fdd72506354fc9c34bbb9b,64903fcd33c77d1dc8b28e03,Mon Jun 19 2023 11:45:17 GMT+0000 (Coordinated Universal Time),Wed Jun 21 2023 11:37:57 GMT+0000 (Coordinated Universal Time),Thu Jun 22 2023 11:14:04 GMT+0000 (Coordinated Universal Time),,"<p>Yes. There is a standard HDMI connection to the LCD in the control room. Just plug the HDMI cable into your computer, and the LCD can be used in the same way as any other second monitor.</p>",inroomviewingdevice,,true,
Can I display paradigms from nordicAktiva on the VisualSystem HD goggles?,can-i-display-paradigms-from-nordicaktiva-on-the-visualsystem-hd-goggles,63fdd72506354fc9c34bbb9b,6490417c083b39e263e98778,Mon Jun 19 2023 11:52:28 GMT+0000 (Coordinated Universal Time),Wed Jun 21 2023 11:36:43 GMT+0000 (Coordinated Universal Time),Thu Jun 22 2023 11:14:04 GMT+0000 (Coordinated Universal Time),,"<p>Yes, all nordicAktiva paradigms can be displayed on the VisualSystem HD goggles. The HDMI output of the nordicAktiva PC can be connected to a splitter, which then gives rise to two identical HDMI outputs, one for each of the two independent displays. More information can be found in the ‘Display Setup for VisualSystem HD’ guide on our <a href=""https://www.nordicneurolab.com/resources#user-guides"" target=""_blank""><strong><em>website</em></strong></a><strong><em>.</em></strong> If you have both the LCD monitor and the VisualSystem HD goggles and need to switch often between them, you can add an HDMI switch to smoothly transfer the display from one to the other.</p>",visualsystemhd,,true,
Can I forward the received MR-triggers from the SyncBox to other equipment?  ,can-i-forward-the-received-mr-triggers-from-the-syncbox-to-other-equipment,63fdd72506354fc9c34bbb9b,64942dc0221ba05b97785ae2,Thu Jun 22 2023 11:17:20 GMT+0000 (Coordinated Universal Time),Thu Jun 22 2023 11:17:20 GMT+0000 (Coordinated Universal Time),Thu Jun 22 2023 11:17:48 GMT+0000 (Coordinated Universal Time),,"<p id="""">Yes, the SyncBox can forward the MR-triggers to other equipment, e.g., an EEG system. There are, however, different approaches depending on your setup: </p><ul id=""""><li>If you are not using the ResponseGrips in your setup, then you can use the TTL port (9) on the SyncBox in order to forward the triggers. The TTL port should then be connected to the parallel port of your system. </li><li>You can also forward the received triggers using the serial port (4) on the SyncBox. Here you will need a serial cable which connects the SyncBox to your system. </li></ul><figure class=""w-richtext-figure-type-image w-richtext-align-center"" data-rt-type=""image"" data-rt-align=""center""><div><img alt=""A picture containing text, sketch, diagram, drawingDescription automatically generated"" src=""https://uploads-ssl.webflow.com/617a905810208b1c7db8ee22/64942db6d2a19f840e84982d_fbfc27f9.png"" id="""" width=""auto"" height=""auto"" loading=""auto""></div></figure><p id=""""> </p><p>‍</p>",syncbox,,true,
Can I install nordicAktiva on another computer?,can-i-install-nordicaktiva-on-another-computer,63fdd72506354fc9c34bbb9b,6479e9fa1dab0f155da57e35,Fri Jun 02 2023 13:09:14 GMT+0000 (Coordinated Universal Time),Wed Jun 21 2023 11:40:38 GMT+0000 (Coordinated Universal Time),Thu Jun 22 2023 11:14:04 GMT+0000 (Coordinated Universal Time),,"<p id="""">Yes, it is possible to install nordicAktiva on computers other than that provided by NordicNeuroLab. Below are the minimum requirements:</p><p id="""">· Operating system:</p><p id="""">o Windows 7, 8.1, or 10</p><p id="""">· Hardware:</p><p id="""">o Intel i3 processor or equivalent</p><p id="""">o 4 GB RAM</p><p id="""">o 100 MB of free space on hard disk</p><p id="""">o DirectX 9 compatible graphics card with dual video outputs</p><p id="""">o Audio outputs</p><p id="""">o USB or serial port (for NNL SyncBox connection) <br><br>For further support, please contact us at <a href=""mailto:applicationsupport@nordicneurolab.com"">applicationsupport@nordicneurolab.com</a>.</p><p>‍</p><p id="""">‍</p>",nordicaktiva,,true,
Can I use the ResponseGrips with other stimulus presentation software packages? ,can-i-use-the-responsegrips-with-other-stimulus-presentation-software-packages,63fdd72506354fc9c34bbb9b,64942e15f163c1e424263ba8,Thu Jun 22 2023 11:18:45 GMT+0000 (Coordinated Universal Time),Thu Jun 22 2023 11:18:45 GMT+0000 (Coordinated Universal Time),Thu Jun 22 2023 11:19:10 GMT+0000 (Coordinated Universal Time),,"<p>Yes, it is possible to use the NNL ResponseGrips with other stimulus software packages, such as PsychoPy, Presentation, and E-Prime. Responses from ResponseGrips are received by the ResponseGrip Interface. It then forwards the received responses to the NNL SyncBox, which in turn forwards them to the stimulation PC. This means that you need to connect and set up your stimulation software with the NNL SyncBox. For setup instructions, please visit our<a href=""https://www.nordicneurolab.com/resources#user-guides"" target=""_blank""> <strong><em>website,</em></strong></a> where different guides are available. We are constantly expanding and updating these guides. If you are interested in specific software for which a guide is not available on our website, please contact us at <a href=""mailto:applicationsupport@nordicneurolab.com"" target=""_blank"" id="""">applicationsupport@nordicneurolab.com</a>.</p>",responsegrips,,true,
Can I use the SyncBox with other stimulus presentation software applications? ,can-i-use-the-syncbox-with-other-stimulus-presentation-software-applications,63fdd72506354fc9c34bbb9b,64942da2f8420c5ef60d7aa5,Thu Jun 22 2023 11:16:50 GMT+0000 (Coordinated Universal Time),Tue Jun 27 2023 12:41:04 GMT+0000 (Coordinated Universal Time),Tue Jun 27 2023 12:41:09 GMT+0000 (Coordinated Universal Time),,"<p id="""">Yes, SyncBox can be used in conjunction with other stimulus software packages, such as E-Prime, Presentation, and PsychoPy. You can find different setup instructions on our website, which we are constantly expanding and updating. If you are interested in specific software for which a guide is not available on our <a href=""https://www.nordicneurolab.com/resources#user-guides"" target=""_blank""><strong><em>website</em></strong></a>, please contact us at <a href=""mailto:applicationsupport@nordicneurolab.com"" target=""_blank"" id="""">applicationsupport@nordicneurolab.com</a>.</p>",syncbox,,true,
Can subject responses be used to control the content of the paradigm? ,can-subject-responses-be-used-to-control-the-content-of-the-paradigm,63fdd72506354fc9c34bbb9b,649179e5cc23b5082d41c2ee,Tue Jun 20 2023 10:05:25 GMT+0000 (Coordinated Universal Time),Wed Jun 21 2023 11:36:12 GMT+0000 (Coordinated Universal Time),Thu Jun 22 2023 11:14:04 GMT+0000 (Coordinated Universal Time),,"<p>nordicAktiva does not support any control of the paradigm content by the subject. The ResponseGrips can be used to indicate a response to a given slide, but it is not possible to include conditional statements such as if.... else.</p>",nordicaktiva,,true,
Can the nordicComfortSolution be upgraded to be used for fMRI? ,can-the-nordiccomfortsolution-be-upgraded-to-be-used-for-fmri,63fdd72506354fc9c34bbb9b,644a483cdfae0b2e745feda0,Thu Apr 27 2023 10:02:36 GMT+0000 (Coordinated Universal Time),Wed Jun 21 2023 11:40:58 GMT+0000 (Coordinated Universal Time),Thu Jun 22 2023 11:14:04 GMT+0000 (Coordinated Universal Time),,"<p id="""">If you want to upgrade your nordicComfortSolution to a Basic fMRI Solution, you will need to add the SyncBox and ResponseGrips, and nordicAktiva. The SyncBox provides precise synchronization of the stimuli with the MRI scan, while the ResponseGrips allow patients to respond to the stimuli during the scan. The nordicAktiva software provides a wide range of stimulus presentation options, making it easy to create and present stimuli during fMRI scans.</p><p id="""">To get a quote on upgrading your nordicComfortSolution, we recommend contacting your local sales representative. <br>They will be able to provide you with pricing and other information about the necessary components and software.</p><p id="""">‍</p>",syncbox,nordicComfortSolution,false,
Do we need a mirror?,do-we-need-a-mirror,63fdd72506354fc9c34bbb9b,644a2b2e20ff425fa78fd8ae,Thu Apr 27 2023 07:58:38 GMT+0000 (Coordinated Universal Time),Wed Jun 21 2023 11:41:11 GMT+0000 (Coordinated Universal Time),Thu Jun 22 2023 11:14:04 GMT+0000 (Coordinated Universal Time),,"<p id="""">To see the screen while laying inside the bore, a mirror is necessary. <br>If the MR vendor does not provide a mirror, NordicNeuroLab can provide a mirror option. </p><p id="""">‍</p>",nordiccomfortsolution,nordicComfortSolution,false,
Do you have other paradigms which are not in the library?,do-you-have-other-paradigms-which-are-not-in-the-library,63fdd72506354fc9c34bbb9b,6479ed25a12067941dfdf8ec,Fri Jun 02 2023 13:22:45 GMT+0000 (Coordinated Universal Time),Tue Jun 27 2023 12:49:24 GMT+0000 (Coordinated Universal Time),Tue Jun 27 2023 12:49:29 GMT+0000 (Coordinated Universal Time),,"<p id="""">We do have additional paradigms available to test, and we welcome feedback on these. <br>Please navigate to the<strong id=""""><em id=""""> </em></strong><a href=""https://nordicneurolab.circle.so/c/paradigms-nordicaktiva/"" id=""""><strong id=""""><em id="""">‘Paradigm Exchange</em></strong></a><strong id=""""><em id="""">’ </em></strong>page on NNL Forum to access these paradigms. <br><br>If you have any further needs or suggestions, please get in touch via <a href=""mailto:applicationsupport@nordicneurolab.com"">applicationsupport@nordicneurolab.com.</a></p>",nordicaktiva,,true,
Do you have other response devices? ,do-you-have-other-response-devices,63fdd72506354fc9c34bbb9b,64942e2a04997c08f369a743,Thu Jun 22 2023 11:19:06 GMT+0000 (Coordinated Universal Time),Thu Jun 22 2023 11:19:06 GMT+0000 (Coordinated Universal Time),Thu Jun 22 2023 11:19:10 GMT+0000 (Coordinated Universal Time),,"<p>No, at the moment the only available response devices we have are the ergonomic ResponseGrips. If you are interested in any other response button devices, please feel free to let us know at <a href=""mailto:applicationsupport@nordicneurolab.com"" target=""_blank"" id="""">applicationsupport@nordicneurolab.com</a>, as we welcome suggestions for future developments.</p>",responsegrips,,true,
Does nordicAktiva support devices from other vendors?,does-nordicaktiva-support-devices-from-other-vendors,63fdd72506354fc9c34bbb9b,6479ea637f0667b3113f47de,Fri Jun 02 2023 13:10:59 GMT+0000 (Coordinated Universal Time),Wed Jun 21 2023 11:40:33 GMT+0000 (Coordinated Universal Time),Thu Jun 22 2023 11:14:04 GMT+0000 (Coordinated Universal Time),,"<p>No, every input to nordicAktiva has to come from the NNL SyncBox serial port.</p><p>‍</p>",nordicaktiva,,true,
How can eye tracking be done with the VisualSystem HD goggles?,how-can-eye-tracking-be-done-with-the-visualsystem-hd-goggles,63fdd72506354fc9c34bbb9b,6490420b60e45d019b9197b7,Mon Jun 19 2023 11:54:51 GMT+0000 (Coordinated Universal Time),Wed Jun 21 2023 11:36:34 GMT+0000 (Coordinated Universal Time),Thu Jun 22 2023 11:14:04 GMT+0000 (Coordinated Universal Time),,"<p id="""">The VisualSystem HD goggles feature eye-tracking cameras only, and different users may deploy their own choice of eye-tracking analysis software. However, we do partner with Arrington Research Inc, who offer the ViewPoint eye-tracking solution, which we sell l for use with the VisualSystem HD. We have created a<strong><em> </em></strong><a href=""https://www.nordicneurolab.com/resources#user-guides"" id=""""><strong><em>user guide</em></strong></a> on our website, where you can find all the necessary steps for integrating ViewPoint with the VisualSystem HD goggles.</p>",visualsystemhd,,true,
How can I add local radio stations to nordicComfortPlayer? ,how-can-i-add-local-radio-stations-to-nordiccomfortplayer,63fdd72506354fc9c34bbb9b,649040f41b96db9abe2e2728,Mon Jun 19 2023 11:50:12 GMT+0000 (Coordinated Universal Time),Wed Jun 21 2023 11:37:05 GMT+0000 (Coordinated Universal Time),Thu Jun 22 2023 11:14:04 GMT+0000 (Coordinated Universal Time),,"<p id="""">Follow these steps: </p><p id=""""> </p><ol start=""1"" id=""""><li>First you need to know the URL address of the radio station you would like to add. Note that the URL address needs to be exactly the streaming link, like ‘http://http-live.sr.se/p1-mp3-192’ in the example below. Otherwise, it won’t be played when you select it in nordicComfortPlayer. </li></ol><ol start=""2"" id=""""><li>Go to C:\Users\AppData\Local\ComfortPlayer and open ‘settigs.json’ file with Notepad. Scroll down and find the section where all the radio stations are located. The section starts with the syntax ""radio"". &nbsp;</li></ol><ol start=""3"" id=""""><li>Under this section you can add you desired radio station. Below is a syntax example that shows how the URL should be added. In front of ""title"", you can give a name to the new radio station, which will then appear in the media library of nordicComfortPlayer. </li></ol><p id=""""> &nbsp; &nbsp; &nbsp; &nbsp;{ </p><p id=""""> &nbsp; &nbsp; &nbsp; &nbsp; &nbsp; &nbsp;""title"": ""<strong id="""">Sverige Radio P1</strong>"", </p><p id=""""> &nbsp; &nbsp; &nbsp; &nbsp; &nbsp; &nbsp;""url"": ""<strong id="""">http://http-live.sr.se/p1-mp3-192</strong>"" </p><p id=""""> &nbsp; &nbsp; &nbsp; &nbsp;}, </p><ol start=""4"" id=""""><li>Save the changes and start nordicComfortPlayer. You should be able to see and play the new radio station. </li></ol><p id=""""> </p><p>‍</p>",nordiccomfortsolution,,true,
How can I change the image orientation on the LCD monitor?,how-can-i-change-the-image-orientation-on-the-lcd-monitor,63fdd72506354fc9c34bbb9b,6490404ae339265f3c18d42d,Mon Jun 19 2023 11:47:22 GMT+0000 (Coordinated Universal Time),Wed Jun 21 2023 11:37:46 GMT+0000 (Coordinated Universal Time),Thu Jun 22 2023 11:14:04 GMT+0000 (Coordinated Universal Time),,"<p id="""">There are two ways to change the orientation of the image: </p><ul id=""""><li>If you have nordicComfortPlayer, open the app and select one of the icons on the top right according to whether the screen is at the patient’s head or feet, and whether you have a single or double mirror. </li><li>If you do not have the nordicComfortPlayer app, there are flip/rotate controls on the LCD as well. You can use the touch buttons on the front top left corner of the LCD to adjust the orientation (see the table below for the functionality of the touch buttons). Activate the on-screen menu and then navigate to and enter the ‘other’ submenu. Then enter the ‘Display rotation’ option and choose one of the four orientation options (normal, H, V, H/V). The selected setting is stored and will be retained after power cycling. </li></ul><p id=""""> </p><figure class=""w-richtext-figure-type-image w-richtext-align-center"" data-rt-type=""image"" data-rt-align=""center""><div><img alt=""A black rectangle in a rectangle frameDescription automatically generated with low confidence"" src=""https://uploads-ssl.webflow.com/617a905810208b1c7db8ee22/64903fe17ae068274b0e5d4c_11ad6f03.jpeg"" id="""" width=""auto"" height=""auto"" loading=""auto""></div><figcaption>Activate/Exit Menu</figcaption></figure><p id=""""> </p><figure class=""w-richtext-figure-type-image w-richtext-align-center"" data-rt-type=""image"" data-rt-align=""center""><div><img alt=""A black arrow pointing to the leftDescription automatically generated with medium confidence"" src=""https://uploads-ssl.webflow.com/617a905810208b1c7db8ee22/64903fe1e339265f3c18876a_f21c974c.jpeg"" id="""" width=""auto"" height=""auto"" loading=""auto""></div><figcaption>Enter submenu</figcaption></figure><p id=""""> </p><figure class=""w-richtext-figure-type-image w-richtext-align-center"" data-rt-type=""image"" data-rt-align=""center""><div><img alt=""A black triangle on a white backgroundDescription automatically generated"" src=""https://uploads-ssl.webflow.com/617a905810208b1c7db8ee22/64903fe1e339265f3c18877a_4f28223d.jpeg"" id="""" width=""auto"" height=""auto"" loading=""auto""></div><figcaption>Move up in menu</figcaption></figure><p id=""""> </p><figure class=""w-richtext-figure-type-image w-richtext-align-center"" data-rt-type=""image"" data-rt-align=""center""><div><img alt=""A black triangle on a white backgroundDescription automatically generated"" src=""https://uploads-ssl.webflow.com/617a905810208b1c7db8ee22/64903fe1014cc972f97141dd_ead42cd4.jpeg"" id="""" width=""auto"" height=""auto"" loading=""auto""></div><figcaption>Move down in menu</figcaption></figure><p id=""""> </p><p id=""""> </p><p>‍</p><p id="""">In both approaches, always check with patients if they can see everything in the correct orientation.</p><p>‍</p>",inroomviewingdevice,,true,
How can I make my paradigms available to others on the NNL forum?,how-can-i-make-my-paradigms-available-to-others-on-the-nnl-forum,63fdd72506354fc9c34bbb9b,6479ed4c3379d995514d6964,Fri Jun 02 2023 13:23:24 GMT+0000 (Coordinated Universal Time),Wed Jun 21 2023 11:39:36 GMT+0000 (Coordinated Universal Time),Thu Jun 22 2023 11:14:04 GMT+0000 (Coordinated Universal Time),,"<p id="""">We would love for you to share your own paradigms on our forum and can help you link up with other interested users who may be working on similar experiments. Please zip your paradigm folder and<strong><em> </em></strong><a href=""https://nordicneurolab.circle.so/c/paradigms-nordicaktiva/"" id=""""><strong><em>upload it here</em></strong></a><strong><em>. </em></strong>We will then be in touch.</p>",nordicaktiva,,true,
How can I quickly switch to nordicAktiva when nordicComfortPlayer is running? ,how-can-i-quickly-switch-to-nordicaktiva-when-nordiccomfortplayer-is-running,63fdd72506354fc9c34bbb9b,6490410b377c4f25b1f4fa65,Mon Jun 19 2023 11:50:35 GMT+0000 (Coordinated Universal Time),Wed Jun 21 2023 11:37:01 GMT+0000 (Coordinated Universal Time),Thu Jun 22 2023 11:14:04 GMT+0000 (Coordinated Universal Time),,"<p id="""">nordicComfortPlayer and nordicAktiva should not be open at the same time, as this may result in conflicts with the in-room display settings. </p><p id="""">‍</p>",nordiccomfortsolution,,true,
How can I send data from PACS to nordicBrainEx? ,how-can-i-send-data-from-pacs-to-nordicbrainex,63fdd72506354fc9c34bbb9b,64903c3d6ac2476aabedd4d9,Mon Jun 19 2023 11:30:05 GMT+0000 (Coordinated Universal Time),Wed Jun 21 2023 11:39:15 GMT+0000 (Coordinated Universal Time),Thu Jun 22 2023 11:14:04 GMT+0000 (Coordinated Universal Time),,<p>The nordicBrainEx workstation needs to be registered in your PACS system. The network information of the nordicBrainEx workstation can be found in nordicBrainEx under File/Database/Settings tab and then under the ‘Database’ section.</p>,nordicbrainex,,true,
How can I suggest a change to the nordicAktiva paradigm library?,how-can-i-suggest-a-change-to-the-nordicaktiva-paradigm-library,63fdd72506354fc9c34bbb9b,6479ed71ed6a8ec01b158ba0,Fri Jun 02 2023 13:24:01 GMT+0000 (Coordinated Universal Time),Wed Jun 21 2023 11:39:31 GMT+0000 (Coordinated Universal Time),Thu Jun 22 2023 11:14:04 GMT+0000 (Coordinated Universal Time),,"<p>Your feedback is very much appreciated! <br>Please get in touch via <a href=""mailto:applicationsupport@nordicneurolab.com"">applicationsupport@nordicneurolab.com</a> if you see that something is not quite as it should be or doesn’t meet your needs.</p>",nordicaktiva,,true,
How close can the LCD monitor be positioned to the MR-bore? ,how-close-can-the-lcd-monitor-be-positioned-to-the-mr-bore,63fdd72506354fc9c34bbb9b,6490406f68273cfaabfe0982,Mon Jun 19 2023 11:47:59 GMT+0000 (Coordinated Universal Time),Wed Jun 21 2023 11:37:40 GMT+0000 (Coordinated Universal Time),Thu Jun 22 2023 11:14:04 GMT+0000 (Coordinated Universal Time),,"<p>Bringing the LCD monitor closer to the bore than the legs of the stand allow will introduce a high potential risk of damaging the LCD. As a rule of thumb, 10 cm clearance is recommended between the wheels of the LCD stand and the end of the bore.</p>",inroomviewingdevice,,true,
How do I create a design file to feed into nordicBrainEx?,how-do-i-create-a-design-file-to-feed-into-nordicbrainex,63fdd72506354fc9c34bbb9b,6479ed9d295022221a64097b,Fri Jun 02 2023 13:24:45 GMT+0000 (Coordinated Universal Time),Wed Jun 21 2023 11:39:23 GMT+0000 (Coordinated Universal Time),Thu Jun 22 2023 11:14:04 GMT+0000 (Coordinated Universal Time),,"<p>Once the paradigm has completed, click ‘Save Results’. Then via the File menu, click on ‘Browse log and design files’. The design files will be marked as ‘.des’ with the date and time appended. These can be transferred to your nordicBrainEx workstation by USB drive or similar.</p>",nordicaktiva,,true,
How does nordicBrainEx do the Co-registration and motion correction?,how-does-nordicbrainex-do-the-co-registration-and-motion-correction,63fdd72506354fc9c34bbb9b,64903cb8943d12083b0ceca7,Mon Jun 19 2023 11:32:08 GMT+0000 (Coordinated Universal Time),Wed Jun 21 2023 11:39:06 GMT+0000 (Coordinated Universal Time),Thu Jun 22 2023 11:14:04 GMT+0000 (Coordinated Universal Time),,"<p>Motion correction and Co-registration in nordicBrainEx are based on rigid body transformation. &nbsp;Co-registration aligns the dynamic images with the structural image. Motion correction on the other hand, aligns all the dynamic image to the first volume within the dynamic series, and generates the translation and rotation parameters.</p>",nordicbrainex,,true,
How does the nordicComfortSolution improve the patient experience during MRI scans?,how-does-the-nordiccomfortsolution-improve-the-patient-experience-during-mri-scans,63fdd72506354fc9c34bbb9b,644a2982225ef88ab40d2393,Thu Apr 27 2023 07:51:30 GMT+0000 (Coordinated Universal Time),Wed Jun 21 2023 11:41:28 GMT+0000 (Coordinated Universal Time),Thu Jun 22 2023 11:14:04 GMT+0000 (Coordinated Universal Time),,"<p>The nordicComfortSolution is designed to help reduce anxiety and discomfort during MRI scans by providing patients with a distracting and enjoyable experience. By providing patients with entertainment options, the system can help them relax and remain still during the scanning process, which can lead to better imaging results.</p>",nordiccomfortsolution,nordicComfortSolution,false,
How does the nordicComfortSolution work?,how-does-the-nordiccomfortsolution-work,63fdd72506354fc9c34bbb9b,63fdd754e20c7572c375f7bc,Tue Feb 28 2023 10:28:36 GMT+0000 (Coordinated Universal Time),Wed Jun 21 2023 11:41:40 GMT+0000 (Coordinated Universal Time),Thu Jun 22 2023 11:14:04 GMT+0000 (Coordinated Universal Time),,"<p id="""">The nordicComfortSolution is a hardware- and software-based system. You have the MR compatible LCD installed inside the MR room that displays the content and it is connected to a computer tablet that can be controlled from inside the Control Room. The radiographer can select the entertainment options from a user-friendly interface and the patient gets to enjoy them during the scan.</p><p id="""">‍</p>",nordiccomfortsolution,nordicComfortSolution,false,
How is leakage correction done in nordicBrainEx DSC?,how-is-leakage-correction-done-in-nordicbrainex-dsc,63fdd72506354fc9c34bbb9b,64903ed291b8fc37815e0a42,Mon Jun 19 2023 11:41:06 GMT+0000 (Coordinated Universal Time),Tue Jun 27 2023 12:39:46 GMT+0000 (Coordinated Universal Time),Tue Jun 27 2023 12:41:09 GMT+0000 (Coordinated Universal Time),,"<p id="""">Leakage correction is very important for DSC perfusion analysis, especially in relation to tumors. Tumors have leaky vasculature and so the contrast agent leaks into extravascular extracellular space and accumulates there. The leakage can lead to over- or underestimation of the cerebral blood volume (CBV), and therefore it is important to correct it. The leakage correction for DSC in nordicBrainEx is based on the residual function described in this article by<strong id=""""><em id=""""> </em></strong><a href=""https://www.ncbi.nlm.nih.gov/pmc/articles/PMC3208149/"" id=""""><strong id=""""><em id="""">Bjørnerud et al. (2011)</em></strong></a><strong id=""""><em id="""">.</em></strong> In brief, the method uses the tail of the residual function to estimate the leakage, and unlike the commonly used Weiskoff method, it does not assume a constant mean transit time for all tissue types. More information can be found <a href=""http://downloads.nordicneurolab.com/SW/nBX/Tutorials/Tutorial%20-%20DSC.pdf"" id=""""><strong id=""""><em id="""">here</em></strong></a><strong id=""""><em id="""">.</em></strong></p><p id="""">‍</p>",nordicbrainex,,true,
How is normalization done in nordicBrainEx DSC?,how-is-normalization-done-in-nordicbrainex-dsc,63fdd72506354fc9c34bbb9b,64903f06e45565de58355617,Mon Jun 19 2023 11:41:58 GMT+0000 (Coordinated Universal Time),Wed Jun 21 2023 11:38:53 GMT+0000 (Coordinated Universal Time),Thu Jun 22 2023 11:14:04 GMT+0000 (Coordinated Universal Time),,"<p id="""">When normalization is selected, nordicBrainEx normalizes CBV and CBF maps to the normal appearing white and grey matter. The software segments out tumor, blood vessels, and normal-appearing grey and white matter, before dividing the CBV and CBF by the average value within the normal-appearing grey and white matter. A VOI can therefore be drawn in a relevant area of pathology and the mean value may be taken without manually normalizing to a second VOI placed within normal tissue. It can be used to significantly speed up the reporting workflow. More information can be found <a href=""http://downloads.nordicneurolab.com/SW/nBX/Tutorials/Tutorial%20-%20DSC.pdf"" id=""""><strong><em>here</em></strong></a><strong><em>.</em></strong></p>",nordicbrainex,,true,
How is permeability calculated in nordicBrainEx DCE?,how-is-permeability-calculated-in-nordicbrainex-dce,63fdd72506354fc9c34bbb9b,64903f55e0d44acbfc4edbdc,Mon Jun 19 2023 11:43:17 GMT+0000 (Coordinated Universal Time),Tue Jun 27 2023 12:44:25 GMT+0000 (Coordinated Universal Time),Tue Jun 27 2023 12:44:28 GMT+0000 (Coordinated Universal Time),,"<p id="""">The DCE module uses a two-compartment exchange (TCx) pharmacokinetic model<strong id=""""><em id=""""> </em></strong><a href=""https://onlinelibrary.wiley.com/doi/10.1002/mrm.22005"" id=""""><strong id=""""><em id="""">(Sourbron S, 2009)</em></strong></a><strong id=""""><em id="""">.</em></strong> In brief, the model can be illustrated in the following way: </p><figure id="""" class=""w-richtext-figure-type-image w-richtext-align-center"" data-rt-type=""image"" data-rt-align=""center""><div id=""""><img alt=""A picture containing text, clockDescription automatically generated"" src=""https://uploads-ssl.webflow.com/617a905810208b1c7db8ee22/64787770bf584c4b2b4c0a68_aada4ef4.jpeg"" id="""" width=""auto"" height=""auto"" loading=""auto""></div></figure><p id=""""> </p><p id="""">Where the contrast agent (C) enters the capillary volume due to tissue blood flow (F) and is initially distributed in the tissue plasma volume (Vp), but is gradually equilibrated to the extracellular, extravascular space with volume fraction of Ve, at a rate determined by rate constants Ktrans and kep. <br><br>More information can be found <a href=""http://downloads.nordicneurolab.com/SW/nBX/Tutorials/Tutorial%20-%20DCE.pdf""><strong><em>here.</em></strong></a><strong><em> </em></strong></p><p id="""">‍</p>",nordicbrainex,,true,
I don’t see the patient camera feed. What should I do? ,i-dont-see-the-patient-camera-feed-what-should-i-do,63fdd72506354fc9c34bbb9b,6490409f014cc972f97211bd,Mon Jun 19 2023 11:48:47 GMT+0000 (Coordinated Universal Time),Wed Jun 21 2023 11:37:19 GMT+0000 (Coordinated Universal Time),Thu Jun 22 2023 11:14:04 GMT+0000 (Coordinated Universal Time),,"<p>Go to nordicComfortPlayer’s settings (gear icon on the lower-left hand side), select the correct camera from the dropdown menu, and set it as default. The patient camera is usually labeled as ‘USB CAMERA’ in the dropdown menu list. When this is done, select the camera icon on the upper-left hand side. You should then be able to see the camera feed.</p>",nordiccomfortsolution,,true,
I had to stop my experiment before the scan was completed. Can I still save my results?,i-had-to-stop-my-experiment-before-the-scan-was-completed-can-i-still-save-my-results,63fdd72506354fc9c34bbb9b,6479eac75c8a5811f95a82e7,Fri Jun 02 2023 13:12:39 GMT+0000 (Coordinated Universal Time),Wed Jun 21 2023 11:40:17 GMT+0000 (Coordinated Universal Time),Thu Jun 22 2023 11:14:04 GMT+0000 (Coordinated Universal Time),,"<p>Yes! If you need to stop nordicAktiva manually, you can still manually proceed to the final screen using the forward arrow, where you can then ‘Save results’ as normal.</p>",nordicaktiva,,true,
I have created a new paradigm. Why can’t I see it in the library?,i-have-created-a-new-paradigm-why-cant-i-see-it-in-the-library,63fdd72506354fc9c34bbb9b,6479ea96ebd5a269a1ce59d1,Fri Jun 02 2023 13:11:50 GMT+0000 (Coordinated Universal Time),Wed Jun 21 2023 11:40:25 GMT+0000 (Coordinated Universal Time),Thu Jun 22 2023 11:14:04 GMT+0000 (Coordinated Universal Time),,"<p>Make sure the ‘main’ file name is identical to the name of the paradigm folder, then restart or refresh nordicAktiva (via the red button on the top right).</p>",nordicaktiva,,true,
Is it possible to make event-related paradigms in nordicAktiva? ,is-it-possible-to-make-event-related-paradigms-in-nordicaktiva,63fdd72506354fc9c34bbb9b,647874c8742d956606769cd9,Thu Jun 01 2023 10:36:56 GMT+0000 (Coordinated Universal Time),Wed Jun 21 2023 11:40:43 GMT+0000 (Coordinated Universal Time),Thu Jun 22 2023 11:14:04 GMT+0000 (Coordinated Universal Time),,"<p id="""">Paradigms in nordicAktiva can be made up of blocks, individual trials, or a combination of the two. This means you can create trials which are short ‘events’, with flexible timing, thus making a form of event-related paradigm. For further information and support please consult our <a href=""https://www.nordicneurolab.com/help-all/nordicaktiva"" target=""_blank""><strong id=""""><em id="""">paradigm syntax documentation</em></strong>.</a><br></p><div id=""""></div>",nordicaktiva,,true,
Is the nordicComfortSolution compatible with all types of MRI scanners?,is-the-nordiccomfortsolution-compatible-with-all-types-of-mri-scans,63fdd72506354fc9c34bbb9b,644a2abfed8b6c6b4ec4c73f,Thu Apr 27 2023 07:56:47 GMT+0000 (Coordinated Universal Time),Wed Jun 21 2023 11:41:17 GMT+0000 (Coordinated Universal Time),Thu Jun 22 2023 11:14:04 GMT+0000 (Coordinated Universal Time),,"<p>The nordicComfortSolution is compatible with a wide range of MRI scanners,including 0.55T, 1.5T, 3T, and 7T scanners. <br>It has been tested and approved on scanners from Siemens Healthineers, GE Healthcare, and Philips.</p>",nordiccomfortsolution,nordicComfortSolution,false,
Is the nordicComfortSolution easy to install and maintain?,is-the-nordiccomfortsolution-easy-to-install-and-maintain,63fdd72506354fc9c34bbb9b,644a2a90df3d986ca7baffdc,Thu Apr 27 2023 07:56:00 GMT+0000 (Coordinated Universal Time),Wed Jun 21 2023 11:41:24 GMT+0000 (Coordinated Universal Time),Thu Jun 22 2023 11:14:04 GMT+0000 (Coordinated Universal Time),,"<p id="""">The nordicComfortSolution is designed with easy installation and maintenance in mind. The software is preinstalled on a tablet, which is placed in the control room. The InroomViewingDevice is mounted on a stand, with wheels, and can be rolled into the MRI room. The tablet and the InroomViewingDevice, which provides the patient with the entertainment, are connected via a fiber optic cable that runs through a wave-guide.</p>",nordiccomfortsolution,nordicComfortSolution,false,
Why does nordicAktiva frequently warn that it has lost connection to the SyncBox. Is there a problem with the connection?,nordicaktiva-frequently-warns-that-it-has-lost-connection-to-the-syncbox-is-there-a-problem-with-the-connection,63fdd72506354fc9c34bbb9b,6479eb0e317df49f07019f7f,Fri Jun 02 2023 13:13:50 GMT+0000 (Coordinated Universal Time),Fri Jul 21 2023 09:31:16 GMT+0000 (Coordinated Universal Time),Fri Jul 21 2023 09:31:21 GMT+0000 (Coordinated Universal Time),,"<p id="""">Ensure your Virtual COM Port drivers are up to date. <br>Information on the required drivers is found <a href=""https://ftdichip.com/drivers/vcp-drivers/""><strong id=""""><em id="""">here.</em></strong></a><strong id=""""><em id=""""> </em></strong></p>",nordicaktiva,,true,
The paradigm language I would like to use is not available. What options do I have? ,the-paradigm-language-i-would-like-to-use-is-not-available-what-options-do-i-have,63fdd72506354fc9c34bbb9b,6479ecbf7542de8a506868ff,Fri Jun 02 2023 13:21:03 GMT+0000 (Coordinated Universal Time),Wed Jun 21 2023 11:39:46 GMT+0000 (Coordinated Universal Time),Thu Jun 22 2023 11:14:04 GMT+0000 (Coordinated Universal Time),,"<p id="""">We are constantly updating our library and are interested in your needs regarding language implementations. <br>Please contact us <a href=""mailto:applicationsupport@nordicneurolab.com"">applicationsupport@nordicneurolab.com</a> to make a request or to discuss how you can implement your required language yourself.</p>",nordicaktiva,,true,
The SyncBox doesn’t send the ‘s’ character to the stimulation PC. What should I do? ,the-syncbox-doesnt-send-the-s-character-to-the-stimulation-pc-what-should-i-do,63fdd72506354fc9c34bbb9b,64942dd8aa8922d3d149f602,Thu Jun 22 2023 11:17:44 GMT+0000 (Coordinated Universal Time),Thu Jun 22 2023 11:17:44 GMT+0000 (Coordinated Universal Time),Thu Jun 22 2023 11:17:48 GMT+0000 (Coordinated Universal Time),,"<p>If the connection between the SyncBox and PC is established but the ‘s’ char is not sent, you can factory reset the SyncBox. The factory reset option can be found on the on-screen ‘Option Menu’ of the SyncBox. After resetting the SyncBox, reboot the PC and all the associated hardware including the SyncBox.</p>",syncbox,,true,
What are the pros and cons of DSC and DCE?,what-are-the-pros-and-cons-of-dsc-and-dce,63fdd72506354fc9c34bbb9b,64903ccf7ae068274b0a8165,Mon Jun 19 2023 11:32:31 GMT+0000 (Coordinated Universal Time),Wed Jun 21 2023 11:39:00 GMT+0000 (Coordinated Universal Time),Thu Jun 22 2023 11:14:04 GMT+0000 (Coordinated Universal Time),,"<p>DSC uses T2* based perfusion, while DCE uses T1 based perfusion. While DSC has a higher contrast agent sensitivity and higher temporal resolution, DCE offers better image quality and more linear dose-response. As DCE takes longer than DSC, its acquisition doesn’t always cover the whole brain but instead a few slices are acquired around the tumor to save time.</p>",nordicbrainex,,true,
What can I do if nordicAktiva does not proceed to 'Save results’ after the paradigm finishes?,what-can-i-do-if-nordicaktiva-does-not-proceed-to-save-results-after-the-paradigm-finishes,63fdd72506354fc9c34bbb9b,6479eab548cf9cd1657db061,Fri Jun 02 2023 13:12:21 GMT+0000 (Coordinated Universal Time),Wed Jun 21 2023 11:40:21 GMT+0000 (Coordinated Universal Time),Thu Jun 22 2023 11:14:04 GMT+0000 (Coordinated Universal Time),,"<p>This might sometimes happen when using the ‘Triggers on every block’ option in the Scanner Settings. If you would like to save your results (log and design files) on completion of a paradigm, but nordicAktiva remains on the ‘Run paradigm’ screen, you can manually proceed to the ‘Save results’ screen using the forward arrow.</p>",nordicaktiva,,true,
What can I do if nordicAktiva doesn’t recognize the SyncBox?,what-can-i-do-if-nordicaktiva-doesnt-recognize-the-syncbox,63fdd72506354fc9c34bbb9b,6479eae763f2aac6863bfad5,Fri Jun 02 2023 13:13:11 GMT+0000 (Coordinated Universal Time),Wed Jun 21 2023 11:40:13 GMT+0000 (Coordinated Universal Time),Thu Jun 22 2023 11:14:04 GMT+0000 (Coordinated Universal Time),,"<p id="""">Try the following steps: <br><br>1. Go to Edit/Settings and under the ‘SyncBox’ tab click on ‘Auto detect’. You should then see a message confirming which port the SyncBox is connected to. After confirming this message, you should be able to see the COM port under ‘Serial/USB port’ dropdown menu. Click on ‘Apply’ and ‘Ok’.</p><p id="""">2. If it still doesn’t solve the issue, check the connection between the mini USB port on the side of the SyncBox and the USB port of the PC.</p><p id="""">3. Verify that the SyncBox is listed correctly in the ‘Device Manager’ on Windows. Restart the SyncBox and nordicAktiva PC and re-check the above settings in nordicAktiva.</p><p>‍</p>",nordicaktiva,,true,
What is HID mode and how can I operate the SyncBox in this mode? ,what-is-hid-mode-and-how-can-i-operate-the-syncbox-in-this-mode,63fdd72506354fc9c34bbb9b,64942d7df163c1e42425c566,Thu Jun 22 2023 11:16:13 GMT+0000 (Coordinated Universal Time),Thu Jun 22 2023 11:16:13 GMT+0000 (Coordinated Universal Time),Thu Jun 22 2023 11:17:48 GMT+0000 (Coordinated Universal Time),,"<p>Using the USB cable, SyncBox versions 3.2.0 and older can be recognized by the stimulus presentation PC as a Human Interface Device (HID)/keyboard. The version of the SyncBox can be found on the label underneath. When operating in the HID mode, the SyncBox sends out the letter ‘s’ to the stimulus presentation PC, when a trigger is received from the MR scanner. The ‘HID’ mode needs to be set in the ‘Options menu’ of the SyncBox, but unlike serial mode, no driver is required here.</p>",syncbox,,true,
What is serial mode and how can I set up the SyncBox in this mode? ,what-is-serial-mode-and-how-can-i-set-up-the-syncbox-in-this-mode,63fdd72506354fc9c34bbb9b,64903f86d38d4f4dc06a0ecf,Mon Jun 19 2023 11:44:06 GMT+0000 (Coordinated Universal Time),Tue Jun 27 2023 12:43:01 GMT+0000 (Coordinated Universal Time),Tue Jun 27 2023 12:43:04 GMT+0000 (Coordinated Universal Time),,"<p id="""">Serial communication can be established by connecting the mini-USB port on the side of the SyncBox to a USB port on the stimulus presentation PC, which allows for two-way communication between them. In serial mode, the SyncBox can be completely controlled by the stimulus presentation PC and sends out the ASCII code of the character ‘s’, when it receives a trigger from the scanner. For serial communication, the SyncBox needs to be set to ‘Serial’ using its on-screen ‘Options menu’. In addition, to operate the SyncBox in serial mode via USB, Virtual COM Port drivers need to be installed. Make sure that the updated drivers are installed and verify that the SyncBox is listed correctly in the ‘Device Manager’ on Windows. The latest driver can be downloaded from <a href=""https://ftdichip.com/drivers/vcp-drivers/""><strong id=""""><em id="""">this link.</em></strong></a><br></p>",syncbox,,true,
What is the most effective way to rehearse the task with the patient before the exam?,what-is-the-most-effective-way-to-rehearse-the-task-with-the-patient-before-the-exam,63fdd72506354fc9c34bbb9b,6479ec6750a67460dbe115e3,Fri Jun 02 2023 13:19:35 GMT+0000 (Coordinated Universal Time),Wed Jun 21 2023 11:39:56 GMT+0000 (Coordinated Universal Time),Thu Jun 22 2023 11:14:04 GMT+0000 (Coordinated Universal Time),,"<p id="""">You can sit with the patient and use nordicAktiva in ‘Preview without SyncBox’ mode.<br>Run through a few slides of the first active block with them and ask them to perform the task overtly with you. <br><br>Alternatively, the <strong><em>‘</em></strong><a href=""https://www.nordicneurolab.com/help-all/nordicaktiva"" id=""""><strong><em>fMRI Task Instructions</em></strong></a><strong><em>’</em></strong> document can be used as a guide to sit and explain what the patient can expect. </p><p id="""">In either situation, you should ask the patient to rehearse by either showing you the relevant movement they are required to do or giving responses to examples of the language tasks out loud.</p><p id="""">‍</p><p id="""">‍</p><p id="""">‍</p><p id="""">‍</p>",nordicaktiva,,true,
What other software applications can I use with the VisualSystemHD goggles? ,what-other-software-applications-can-i-use-with-the-visualsystemhd-goggles,63fdd72506354fc9c34bbb9b,649041b68e805fe36dc16a2b,Mon Jun 19 2023 11:53:26 GMT+0000 (Coordinated Universal Time),Wed Jun 21 2023 11:36:39 GMT+0000 (Coordinated Universal Time),Thu Jun 22 2023 11:14:04 GMT+0000 (Coordinated Universal Time),,"<p id="""">Different software packages can be used with our VisualSystemHD goggles such as PsychoPy, Psychtoolbox, Stereoscopic Player or Unity. Guidance documentation can be found<strong><em> </em></strong><a href=""https://www.nordicneurolab.com/resources#user-guides"" id=""""><strong><em>here</em></strong></a><strong><em>, </em></strong>and is constantly being expanded and updated. If you are interested in specific software for which a guide is not available on our website, please contact us at <a href=""mailto:applicationsupport@nordicneurolab.com"" target=""_blank"" id="""">applicationsupport@nordicneurolab.com</a>.</p>",visualsystemhd,,true,
What types of entertainment options are available on the nordicComfortSolution?,what-types-of-entertainment-options-are-available-on-the-nordiccomfortsolution,63fdd72506354fc9c34bbb9b,644a2944225ef89de20cd9bd,Thu Apr 27 2023 07:50:28 GMT+0000 (Coordinated Universal Time),Wed Jun 21 2023 11:41:36 GMT+0000 (Coordinated Universal Time),Thu Jun 22 2023 11:14:04 GMT+0000 (Coordinated Universal Time),,"<p id="""">The nordicComfortSolution includes a wide range of entertainment options, including relaxing movies, music, opportunity to add streaming platforms, and more. Patients can choose from avariety of options to find the ones that best suit their preferences and needs.</p>",nordiccomfortsolution,nordicComfortSolution,false,
What is the nordicComfortSolution?,whatisthenordiccomfortsolution,63fdd72506354fc9c34bbb9b,63fdd742bb779cacb776e0d4,Tue Feb 28 2023 10:28:18 GMT+0000 (Coordinated Universal Time),Wed Jun 21 2023 11:41:47 GMT+0000 (Coordinated Universal Time),Thu Jun 22 2023 11:14:04 GMT+0000 (Coordinated Universal Time),,"<p id="""">The nordicComfortSolution is a patient entertainment system developed by NordicNeuroLab to improve the patient experience during MRI scans. The system provides a variety of entertainment options, such as movies, and music, which can help distract patients and reduce anxiety during the scanning process.</p>",nordiccomfortsolution,nordicComfortSolution,false,
Which MR head coils can be used with the VisualSystem HD?,which-mr-head-coils-can-be-used-with-the-visualsystem-hd,63fdd72506354fc9c34bbb9b,64904250943d12083b116a62,Mon Jun 19 2023 11:56:00 GMT+0000 (Coordinated Universal Time),Wed Jun 21 2023 11:36:29 GMT+0000 (Coordinated Universal Time),Thu Jun 22 2023 11:14:04 GMT+0000 (Coordinated Universal Time),,"<p>We have different adapters available to make it possible for the VisualSystem HD to be mounted on a variety of MR head coils. Feel free to get in touch with us at <a href=""mailto:applicationsupport@nordicneurolab.com"" target=""_blank"" id="""">applicationsupport@nordicneurolab.com</a>, if you need more information for your setup.</p>",visualsystemhd,,true,
Why can’t my computer detect the nordicBrainEx network license?,why-cant-my-computer-detect-the-nordicbrainex-network-license,63fdd72506354fc9c34bbb9b,64903c9e377c4f25b1f0c4cd,Mon Jun 19 2023 11:31:42 GMT+0000 (Coordinated Universal Time),Wed Jun 21 2023 11:39:10 GMT+0000 (Coordinated Universal Time),Thu Jun 22 2023 11:14:04 GMT+0000 (Coordinated Universal Time),,"<p id="""">First check that both computers are on the same network. Then follow the steps below on your computer, i.e., the computer which does not have the license key connected to it. </p><ol start="""" id=""""><li id="""">Open License Admin Control Center. </li><li id="""">Click on Sentinel Keys in the top left. </li></ol><ul><li>This page shows all the NNL licenses this computer has access to. </li><li>Check if you do see a license listed here with an ID that has less than 12 digits. The 12 digits (or longer) are demo licenses installed when the software was first installed. </li><li>If you do not see your license, continue to step 3. </li></ul><ol start=""3"" id=""""><li id="""">Click on 'Configuration'. </li></ol><ol start=""4"" id=""""><li id="""">Select 'Access to remote License Managers'. </li></ol><ol start=""5"" id=""""><li id="""">Make sure the following are all checked: </li></ol><ul><li>Allow Access to Remote Licenses </li><li>Broadcast Search for Remote Licenses </li><li>Aggressive Search for Remote Licenses</li></ul><ol start=""6"" id=""""><li id="""">In the field next to 'Remote License Search Parameters' enter in the IP address of the computer that has the license key physically connected to it. </li></ol><ol start=""7"" id=""""><li id="""">Click Submit. It may take a few minutes before it finds the license key. Check back under Sentinel Keys. </li></ol><p id="""">‍</p>",nordicbrainex,,true,
Why do I not see any image on the LCD monitor?,why-do-i-not-see-any-image-on-the-lcd-monitor,63fdd72506354fc9c34bbb9b,64903fb067b14ba333545f92,Mon Jun 19 2023 11:44:48 GMT+0000 (Coordinated Universal Time),Wed Jun 21 2023 11:38:03 GMT+0000 (Coordinated Universal Time),Thu Jun 22 2023 11:14:04 GMT+0000 (Coordinated Universal Time),,"<p>First check your computer ‘Display settings’. If the LCD monitor is recognized, you should be able to see two monitors under ‘System/Display’, one for the stimulation PC and one for the LCD. You can click on ‘Identify’ to check the allocated number for each display. If you still don’t see any image on the LCD monitor, check the video and power cables to the LCD, power supply (LPS), fiber transmitter (usually placed under the desk in the control room), and nordicAktiva PC (HDMI output), and make sure that they are correctly connected. On the fiber transmitter, both green LED (power) and blue LED (fiber/data) should be on.</p>",inroomviewingdevice,,true,
Why do I see an ‘Out of Memory’ warning in nordicBrainEx?,why-do-i-see-an-out-of-memory-warning-in-nordicbrainex,63fdd72506354fc9c34bbb9b,64903b38a64eb3e511b9379c,Mon Jun 19 2023 11:25:44 GMT+0000 (Coordinated Universal Time),Wed Jun 21 2023 11:39:19 GMT+0000 (Coordinated Universal Time),Thu Jun 22 2023 11:14:04 GMT+0000 (Coordinated Universal Time),,"<p>The software is a 32-bit application. If your underlying structural data has a high in-plane resolution, the maps used as overlays may be significantly up-sampled, which can cause memory issues.Under ‘Settings’, select ’Limit displayed resolution in MPR’ to downsample your underlay image to a lower resolution. <br><br>If the problem remains, try loading fewer image series at one time. It may also help to limit the number of BOLD overlays that are visualized at the same time, if they are of a particularly high resolution or remove any derived data once they are saved into the database.</p>",nordicbrainex,,true,
Why does my paradigm not appear to synchronize with BOLD acquisition?,why-does-my-paradigm-not-appear-to-synchronize-with-bold-acquisition,63fdd72506354fc9c34bbb9b,6479ea7f63f2aac6863b73c1,Fri Jun 02 2023 13:11:27 GMT+0000 (Coordinated Universal Time),Wed Jun 21 2023 11:40:29 GMT+0000 (Coordinated Universal Time),Thu Jun 22 2023 11:14:04 GMT+0000 (Coordinated Universal Time),,"<p id="""">There may be a few reasons.</p><p id="""">· If your paradigm is starting of its own accord before the scan starts, ensure the Run Mode (Edit menu) is set to Synchronize.</p><p id="""">· If the paradigm is stuck on the ‘Starting soon’ slide, ensure that your scanner is giving out a trigger signal at the start of data acquisition.</p><p id="""">· For Philips scanners, the ‘Sync. Ext. Trig’ option needs to be enabled within the BOLD protocol.</p><p id="""">· The scanner will complete a number of dummy scans prior to starting the acquisition of images. It may then appear as though the paradigm is not starting at the start of the scan; however, you should see that once your first real measurement is being acquired, the paradigm starts.</p><p>‍</p>",nordicaktiva,,true,
Why does nordicAktiva not see the LCD monitor?,why-does-nordicaktiva-not-see-the-lcd-monitor,63fdd72506354fc9c34bbb9b,6479ebc1f710bbb26c3c544f,Fri Jun 02 2023 13:16:49 GMT+0000 (Coordinated Universal Time),Wed Jun 21 2023 11:40:01 GMT+0000 (Coordinated Universal Time),Thu Jun 22 2023 11:14:04 GMT+0000 (Coordinated Universal Time),,"<p id="""">Try the following steps:</p><p id="""">1. Go to Edit/Settings and under the ‘Displays’ tab and select the correct patient display. The patient display is usually the number ‘2’.</p><p id="""">2. If you don’t see ‘2’ in the dropdown menu, go to Windows ‘Display settings’ and check if it shows the second monitor. You can check the numbering of the monitors by clicking on ‘Identify’, where a number is allocated to each connected monitor.</p><p id="""">3. If you don’t see the second monitor, make sure the LCD power supply in the MR room is on and all the connections are in place. This includes the HDMI connection between the nordicAktiva PC and the Fiber Transmitter as well as the connection between the power supply and the LCD monitor.</p><p>‍</p>",nordicaktiva,,true,
Why does the video feed from the LCD camera look blurry or pixelated in nordicComfortPlayer?,why-does-the-video-feed-from-the-lcd-camera-look-blurry-or-pixelated-in-nordiccomfortplayer,63fdd72506354fc9c34bbb9b,649040ba67b14ba3335553f0,Mon Jun 19 2023 11:49:14 GMT+0000 (Coordinated Universal Time),Wed Jun 21 2023 11:37:16 GMT+0000 (Coordinated Universal Time),Thu Jun 22 2023 11:14:04 GMT+0000 (Coordinated Universal Time),,"<p>This could be due to data accumulation along the route from the camera to the Fiber Transmitter (usually placed under the desk in the control room) and back to the PC, where nordicComfortPlayer is installed. Close the nordicComfortPlayer, and then disconnect and reconnect the power supply on the Fiber Transmitter. Wait a few seconds and then open the nordicComfortPlayer again. This should solve the issue.</p>",nordiccomfortsolution,,true,
Why is playback of my slides not as I expect?,why-is-playback-of-my-slides-not-as-i-expect,63fdd72506354fc9c34bbb9b,6479ec98dd41c01a8d0a27b9,Fri Jun 02 2023 13:20:24 GMT+0000 (Coordinated Universal Time),Wed Jun 21 2023 11:39:50 GMT+0000 (Coordinated Universal Time),Thu Jun 22 2023 11:14:04 GMT+0000 (Coordinated Universal Time),,"<p>If your paradigm includes large audio or video files, there are limitations which can cause some unpredictable behavior. There may be a number of solutions depending on the content. One potential solution is to create and load a long video or audio file for the entire paradigm instead of using multiple video or audio files. For further assistance, please contact our application scientists at <a href=""mailto:applicationsupport@nordicneurolab.com"">applicationsupport@nordicneurolab.com</a>.</p>",nordicaktiva,,true,
